<?xml version="1.0" encoding="UTF-8"?>
<beans xmlns="http://www.springframework.org/schema/beans"
       xmlns:xsi="http://www.w3.org/2001/XMLSchema-instance" xmlns:dubbo="http://dubbo.apache.org/schema/dubbo"
       xsi:schemaLocation="http://www.springframework.org/schema/beans http://www.springframework.org/schema/beans/spring-beans.xsd http://dubbo.apache.org/schema/dubbo http://dubbo.apache.org/schema/dubbo/dubbo.xsd">

    <dubbo:application name="08-provider-registers"/>

    <!--声明注册中心-->
    <dubbo:registry id="bjCenter" address="zookeeper://bjZK:2181"/>  <!--北京中心-->
    <dubbo:registry id="shCenter" address="zookeeper://shZK:2181"/>  <!--上海中心-->
    <dubbo:registry id="gzCenter" address="zookeeper://gzZK:2181"/>  <!--广州中心-->
    <dubbo:registry id="cqCenter" address="zookeeper://cqZK:2181"/>  <!--重庆中心-->

    <!--注册Service实现类-->
    <bean id="weixinService" class="com.abc.provider.WeixinServiceImpl"/>
    <bean id="zhifubaoService" class="com.abc.provider.ZhifubaoServiceImpl"/>

    <!--暴露服务：同一个服务注册到不同的中心；不同的服务注册到不同的中心-->
    <dubbo:service interface="com.abc.service.SomeService"
                   ref="weixinService" group="pay.weixin" register="bjCenter, shCenter"/>
    <dubbo:service interface="com.abc.service.SomeService"
                   ref="zhifubaoService" group="pay.zhifubao" register="gzCenter, cqCenter"/>
</beans>