<?xml version="1.0" encoding="UTF-8"?>
<beans xmlns="http://www.springframework.org/schema/beans"
       xmlns:xsi="http://www.w3.org/2001/XMLSchema-instance"
       xmlns:dubbo="http://dubbo.apache.org/schema/dubbo"
       xsi:schemaLocation="http://www.springframework.org/schema/beans
       http://www.springframework.org/schema/beans/spring-beans.xsd
       http://dubbo.apache.org/schema/dubbo
       http://dubbo.apache.org/schema/dubbo/dubbo.xsd">

    <dubbo:application name="02-provider-zk" />

    <!--声明注册中心：单机版zk-->
    <dubbo:registry address="zookeeper://zkOS:2181"/>
    <!--<dubbo:registry protocol="zookeeper" address="zkOS:2181"/>-->

    <!--声明注册中心：zk群集-->
    <!--<dubbo:registry address="zookeeper://zkOS1:2181?backup=zkOS2:2181,zkOS3:2181,zkOS4:2181"/>-->
    <!--<dubbo:registry protocol="zookeeper" address="zkOS1:2181,zkOS2:2181,zkOS3:2181,zkOS4:2181"/>-->

    <bean id="someService" class="com.abc.provider.SomeServiceImpl"/>

    <dubbo:protocol id="dp" name="dubbo" port="20880"/>
    <dubbo:protocol id="dp2" name="dubbo" port="20881"/>
    <dubbo:protocol id="rp" name="rmi" port="9411"/>

    <dubbo:service interface="com.abc.service.SomeService" protocol="dp,dp2"/>

    <dubbo:provider id="xxx" timeout="2000" protocol="dp" default="true"/>
    <dubbo:provider id="ooo" delay="2000" protocol="dp2" default="true"/>
    <dubbo:provider id="jjj"  />
    <dubbo:provider id="kkk"  />



</beans>