<?xml version="1.0" encoding="UTF-8"?>
<beans xmlns="http://www.springframework.org/schema/beans"
       xmlns:xsi="http://www.w3.org/2001/XMLSchema-instance" xmlns:dubbo="http://dubbo.apache.org/schema/dubbo"
       xsi:schemaLocation="http://www.springframework.org/schema/beans http://www.springframework.org/schema/beans/spring-beans.xsd http://dubbo.apache.org/schema/dubbo http://dubbo.apache.org/schema/dubbo/dubbo.xsd">

    <dubbo:application name="02-consumer-zk">
        <dubbo:parameter key="qos.port" value="33333"/>
    </dubbo:application>

    <!--指定服务注册中心：zk单机-->
    <dubbo:registry address="zookeeper://zkOS:2181" />
    <!--<dubbo:registry protocol="zookeeper" address="zkOS:2181"/>-->

    <!--指定服务注册中心：zk集群-->
    <!--<dubbo:registry address="zookeeper://zkOS1:2181?backup=zkOS2:2181,zkOS3:2181,zkOS4:2181"/>-->
    <!--<dubbo:registry protocol="zookeeper" address="zkOS1:2181,zkOS2:2181,zkOS3:2181,zkOS4:2181"/>-->

    <dubbo:reference id="someService" check="false"
                     interface="com.abc.service.SomeService"/>


</beans>