<?xml version="1.0" encoding="UTF-8"?>
<beans xmlns="http://www.springframework.org/schema/beans"
	xmlns:context="http://www.springframework.org/schema/context"
	xmlns:aop="http://www.springframework.org/schema/aop"
	xmlns:tx="http://www.springframework.org/schema/tx"
	xmlns:xsi="http://www.w3.org/2001/XMLSchema-instance"
	xsi:schemaLocation="http://www.springframework.org/schema/beans http://www.springframework.org/schema/beans/spring-beans.xsd
	http://www.springframework.org/schema/context http://www.springframework.org/schema/context/spring-context.xsd
	http://www.springframework.org/schema/aop http://www.springframework.org/schema/aop/spring-aop.xsd http://www.springframework.org/schema/tx http://www.springframework.org/schema/tx/spring-tx.xsd">

	<!-- 扫描Service -->
	<context:component-scan
		base-package="com.kkb.ssm.service" />

	<!-- 配置事务 -->
	<!-- 事务管理器，对mybatis操作数据库进行事务控制，此处使用jdbc的事务控制 -->
	<bean id="transactionManager"
		class="org.springframework.jdbc.datasource.DataSourceTransactionManager">
		<!-- 指定要进行事务管理的数据源 -->
		<property name="dataSource" ref="dataSource"></property>
	</bean>

	<!-- 通知 -->
	<tx:advice id="txAdvice"
		transaction-manager="transactionManager">
		<tx:attributes>
			<!-- 传播行为 -->
			<tx:method name="save*" propagation="REQUIRED" />
			<tx:method name="add*" propagation="REQUIRED" />
			<tx:method name="insert*" propagation="REQUIRED" />
			<tx:method name="delete*" propagation="REQUIRED" />
			<tx:method name="del*" propagation="REQUIRED" />
			<tx:method name="remove*" propagation="REQUIRED" />
			<tx:method name="update*" propagation="REQUIRED" />
			<tx:method name="modify*" propagation="REQUIRED" />
			<tx:method name="find*" read-only="true" />
			<tx:method name="query*" read-only="true" />
			<tx:method name="select*" read-only="true" />
			<tx:method name="get*" read-only="true" />
		</tx:attributes>
	</tx:advice>

	<!-- aop -->
	<aop:config>
		<aop:advisor advice-ref="txAdvice"
			pointcut="execution(* *..*.*ServiceImpl.*(..))" />
	</aop:config>
</beans>